"UUID","FILE","QUOTE_TRANSCRIPTION","ANCHOR","TYPE","URI","VOCAB_LABEL","VOCAB_TEMPORAL_BOUNDS","LAT","LNG","PLACE_TYPE","VERIFICATION_STATUS","TAGS","COMMENTS","GROUP_ID","GROUP_ORDER"
"bdca3f19-8011-4410-87be-2623f88ecfb7","LM_HR_1986_07_Conferencia.txt","LUGAR DE MUJER","char-offset:0","PERSON","","","","","","","","institución|asociación","Lugar de Mujer fue una de las primeras organizaciones feministas en Argentina, fundada en 1983 por mujeres como Hilda Rais y otras activistas. Su objetivo principal era ofrecer un espacio seguro para las mujeres, especialmente aquellas que enfrentaban violencia de género, promoviendo la autoayuda y el empoderamiento. Este espacio se destacó por su enfoque en la autogestión y el apoyo colectivo, ofreciendo talleres y actividades para reflexionar sobre los derechos de las mujeres y la igualdad de género. Entre sus iniciativas, incluyó grupos de autoayuda para mujeres sobrevivientes de violencia, actividades educativas sobre derechos y género, y el impulso de reformas legales significativas en Argentina, como la ley de patria potestad compartida aprobada en 1985.","",""
"6d0e9f0e-6d0f-4846-9206-9803a8499e46","LM_HR_1986_07_Conferencia.txt","Hilda Rais","char-offset:110","PERSON","","","","","","","","","http://id.loc.gov/authorities/names/n87107343


Hilda Rais (1945-2016) fue una destacada feminista, poeta y activista argentina que dejó una huella importante en la lucha por los derechos de las mujeres y la diversidad sexual. Fue cofundadora de Lugar de Mujer, una de las primeras organizaciones feministas en el país, enfocada en la autoayuda para mujeres víctimas de violencia. Además, impulsó la creación de la Asociación Trabajo y Estudio sobre la Mujer (ATEM), donde luchó por reformas legales clave, como la patria potestad compartida, obtenida en 1985. También participó activamente en debates sobre lesbianismo y feminismo en Argentina|http://id.loc.gov/authorities/names/n87107343|Hilda Rais (1945-2016) fue una destacada feminista, poeta y activista argentina que dejó una huella importante en la lucha por los derechos de las mujeres y la diversidad sexual. Fue cofundadora de Lugar de Mujer, una de las primeras organizaciones feministas en el país, enfocada en la autoayuda para mujeres víctimas de violencia. Además, impulsó la creación de la Asociación Trabajo y Estudio sobre la Mujer (ATEM), donde luchó por reformas legales clave, como la patria potestad compartida, obtenida en 1985. También participó activamente en debates sobre lesbianismo y feminismo en Argentina","",""
"416f7f41-3d7d-42da-ac8f-abcc30a39714","LM_HR_1986_07_Conferencia.txt","Nené Reynoso","char-offset:121","PERSON","","","","","","","","","http://id.loc.gov/authorities/names/n92083063

Nené Reynoso es una figura destacada del feminismo en Argentina, especialmente conocida por su participación en la producción del ""Diario Colectivo"" (1982), una obra escrita junto con María Inés Aldaburu, Inés Cano y Hilda Rais. Este libro se desarrolló en el contexto de la última dictadura militar en Argentina, abordando temas como la corporalidad, la sexualidad y la violencia patriarcal desde una perspectiva feminista. Inspirado en lecturas como El segundo sexo de Simone de Beauvoir, el diario refleja la experiencia íntima-política de las mujeres y busca construir una epistemología feminista diferente y situada en el contexto del Sur global","",""
"7ab8bc04-cc81-40ff-a57e-7ab1c1caf504","LM_HR_1986_07_Conferencia.txt","Buenos Aires, Argentina","char-offset:136","PLACE","http://geo-kima.org/place/510","Buenos Aires (Argentina)","","-34.599722222","-58.381944444","","VERIFIED","","","",""
"fd607e39-22e6-4ef6-8d33-3fcd4a3bc822","LM_HR_1986_07_Conferencia.txt","Argentina","char-offset:150","PLACE","http://sws.geonames.org/3865483","Argentina","","-35.394839239920955","-65.1714380569768","","VERIFIED","","","",""
"2d92a94f-b382-4b10-9021-632efd665a77","LM_HR_1986_07_Conferencia.txt","Conferencia Internacional sobre Participación Política de la Mujer en el Cono Sur","char-offset:162","EVENT","","","","","","","","","La Conferencia Internacional sobre la Participación Política de la Mujer en el Cono Sur, realizada en Montevideo en julio de 1986, reunió a mujeres de Argentina, Brasil, Chile, Paraguay y Uruguay para discutir su rol en la política durante las transiciones democráticas. Se abordaron los obstáculos para su participación y se plantearon estrategias para lograr mayor igualdad de género en la política y otros espacios sociales. El evento, apoyado por la Fundación Friedrich Naumann, fue un momento clave para el feminismo en la región.","",""
"6d501139-fe6c-4abc-8b6a-9f4f1ba528ff","LM_HR_1986_07_Conferencia.txt","Montevideo","char-offset:245","PLACE","http://www.hgis-indias.net/dokuwiki/doku.php?id=gazetteer:9000024","Montevideo","","-34.907247","-56.20442421","Ciudad","VERIFIED","","","",""
"9a15b62b-8899-4dce-a3a6-9fe2a3c93710","LM_HR_1986_07_Conferencia.txt","Julio 1986","char-offset:257","EVENT","","","","","","","","","","",""
"07551fcc-665c-4bef-840e-61664db2ce08","LM_HR_1986_07_Conferencia.txt","LUGAR DE MUJER","char-offset:357","PERSON","","","","","","","","institución|asociación","Lugar de Mujer fue una de las primeras organizaciones feministas en Argentina, fundada en 1983 por mujeres como Hilda Rais y otras activistas. Su objetivo principal era ofrecer un espacio seguro para las mujeres, especialmente aquellas que enfrentaban violencia de género, promoviendo la autoayuda y el empoderamiento. Este espacio se destacó por su enfoque en la autogestión y el apoyo colectivo, ofreciendo talleres y actividades para reflexionar sobre los derechos de las mujeres y la igualdad de género. Entre sus iniciativas, incluyó grupos de autoayuda para mujeres sobrevivientes de violencia, actividades educativas sobre derechos y género, y el impulso de reformas legales significativas en Argentina, como la ley de patria potestad compartida aprobada en 1985.","",""
"2392da23-87f3-4252-989c-7244ecf4e892","LM_HR_1986_07_Conferencia.txt","nuestro país","char-offset:436","PLACE","","","","","","","UNVERIFIED","","","",""
"c332692f-8883-4271-8288-2ca25c1284c4","LM_HR_1986_07_Conferencia.txt","Conferencia.","char-offset:759","EVENT","","","","","","","","","","",""
"6ef3bcae-b686-4d22-9277-6d5484ddb948","LM_HR_1986_07_Conferencia.txt","Argentina","char-offset:823","PLACE","http://sws.geonames.org/3865483","Argentina","","-35.394839239920955","-65.1714380569768","","VERIFIED","","","",""
"8898b182-4c13-4b34-84e4-1f9f4af01537","LM_HR_1986_07_Conferencia.txt","1970","char-offset:845","EVENT","","","","","","","","","","",""
"8a3d83d8-b6a0-44ca-a92f-7e3a36bdc68c","LM_HR_1986_07_Conferencia.txt","Buenos Aires","char-offset:854","PLACE","http://sws.geonames.org/3435910","Buenos Aires","","-34.61315","-58.37723","","VERIFIED","","","",""
"75c08159-9780-4ee8-a36f-e67ca01d1374","LM_HR_1986_07_Conferencia.txt","Período 1970-1973","char-offset:1099","EVENT","","","","","","","","","","",""
"df4feb01-b189-4538-a03f-fefb84247568","LM_HR_1986_07_Conferencia.txt","1970","char-offset:1122","EVENT","","","","","","","","","","",""
"b2710548-a32d-4305-9fa3-95261068b089","LM_HR_1986_07_Conferencia.txt","país","char-offset:1139","PLACE","http://sws.geonames.org/3865483","Argentina","","-35.394839239920955","-65.1714380569768","","VERIFIED","","","",""
"203ea1ac-dc79-4344-b84b-aa9c79dd814d","LM_HR_1986_07_Conferencia.txt","dictadura militar","char-offset:1148","EVENT","","","","","","","","","|En 1970, la dictadura militar argentina, conocida como la ""Revolución Argentina"", estaba consolidando su poder tras el golpe de Estado de 1966. En este año, el gobierno de facto, encabezado por el general Juan Carlos Onganía, comenzó a enfrentar crecientes desafíos. La represión contra movimientos sociales y opositores políticos aumentó, mientras que sectores militares y políticos comenzaron a discutir el futuro del régimen. Fue en este contexto que Roberto Levingston asumió la presidencia en 1970, pero su mandato duró poco. Levingston se vio desplazado en 1971 por Alejandro Agustín Lanusse debido a la falta de apoyo y a la creciente presión de la sociedad civil y de la propia estructura militar. Este período fue crucial en la escalada de la violencia política y la implementación de políticas represivas que culminarían en la dictadura más feroz entre 1976 y 1983","",""
"9f5212a2-02ee-4307-bc9f-da9589926015","LM_HR_1986_07_Conferencia.txt","Gral. Levingston","char-offset:1189","PERSON","","","","","","","","","http://id.loc.gov/authorities/names/n82252152



El general Roberto Marcelo Levingston fue un militar argentino que asumió la presidencia de facto de Argentina entre el 18 de junio de 1970 y el 22 de marzo de 1971, durante la dictadura conocida como la ""Revolución Argentina"". Antes de su designación, se desempeñaba como agregado militar en la embajada argentina en Washington. Su mandato concluyó cuando fue depuesto por el general Alejandro Agustín Lanusse, quien asumió el poder en medio de tensiones internas dentro del régimen militar","",""
"4e8246e3-3f58-47e5-8c7b-8815304dd863","LM_HR_1986_07_Conferencia.txt","Aramburu","char-offset:1286","PERSON","","","","","","","","","http://id.loc.gov/authorities/names/n88611932



Pedro Eugenio Aramburu fue un general argentino que presidió el gobierno de facto entre 1955 y 1958, tras derrocar a Juan Domingo Perón en la Revolución Libertadora. Durante su mandato, lideró una política de represión contra el peronismo, que incluyó la proscripción del partido y los fusilamientos de 1956. Su gobierno enfrentó una crisis económica y, tras su finalización, convocó elecciones que llevaron a la restauración de la democracia con Arturo Frondizi como presidente en 1958","",""
"9f664b09-a934-47f7-8c24-f6085c1c1819","LM_HR_1986_07_Conferencia.txt","1971","char-offset:1299","EVENT","","","","","","","","","","",""
"a04fb249-296d-4adf-b428-25cc40ec4ea7","LM_HR_1986_07_Conferencia.txt","Gral. Lanusse","char-offset:1322","PERSON","","","","","","","","","http://id.loc.gov/authorities/names/n82252150


General Alejandro Agustín Lanusse fue presidente de facto de Argentina entre 1971 y 1973.","",""
"5282aeb8-098d-42f5-9db9-993b812476f0","LM_HR_1986_07_Conferencia.txt","Perón","char-offset:1411","PERSON","","","","","","","","","http://id.loc.gov/authorities/names/n50083258


Juan Domingo Perón (1895-1974) fue un influyente político y presidente de Argentina en tres ocasiones (1946-1955, 1973-1974). Comenzó su carrera en el ejército, pero su ascenso a la política se consolidó tras el golpe de 1943. Su primer mandato como presidente se caracterizó por políticas populistas, centradas en los derechos laborales, el bienestar social y la nacionalización de industrias clave, lo que lo hizo muy popular entre los trabajadores. Tras ser derrocado en 1955, vivió en el exilio hasta regresar en 1973, cuando fue reelegido presidente. Durante su tercer mandato, su salud empeoró y falleció en 1974.
","",""
"54a51f2e-8261-4f6f-8d11-6786b5802df1","LM_HR_1986_07_Conferencia.txt","1973","char-offset:1501","EVENT","","","","","","","","","","",""
"235baa7c-c4b4-470a-81e2-bc776c85bd4e","LM_HR_1986_07_Conferencia.txt","1970","char-offset:1510","EVENT","","","","","","","","","","",""
"231d47b2-3d82-4c53-84aa-122c69f114eb","LM_HR_1986_07_Conferencia.txt","Unión Feminista Argentina (UFA)","char-offset:1525","PERSON","","","","","","","","","La Unión Feminista Argentina (UFA), fundada en 1970, fue una de las primeras agrupaciones feministas del país, creada con el objetivo de luchar por los derechos de las mujeres y cuestionar las estructuras de poder patriarcales. Integrada principalmente por mujeres de clase media, la UFA se centró en la visibilidad de los problemas sociales y políticos que enfrentaban las mujeres, como la desigualdad laboral y los derechos reproductivos. Fue una organización clave en la introducción de temas feministas en el debate público argentino, aunque su impacto se vio limitado por la represión política que comenzó con la dictadura militar en 1976, que disolvió muchas de las agrupaciones activistas de la época.","",""
"1e16a476-d82e-4ecb-8841-054371384257","LM_HR_1986_07_Conferencia.txt","Movimiento de Liberación Femenina (MLF)","char-offset:1562","PERSON","","","","","","","","","El Movimiento de Liberación Femenina (MLF), también fundado en la misma década, adoptó una estructura más militante y verticalista, y estuvo centrado en la lucha por la liberación de las mujeres no solo en el plano social, sino también en el político y económico. Sus fundadoras, como Delia Oddone, defendían la necesidad de una transformación radical de la sociedad y abogaban por la emancipación total de las mujeres, confrontando las normativas de género impuestas por el sistema patriarcal. En su enfoque, se combinaba la reivindicación de derechos sociales con un cuestionamiento profundo a las estructuras de poder tradicionales, aunque también fue blanco de la represión durante la dictadura. Al igual que la UFA, el MLF sufrió el golpe de Estado de 1976, que llevó a su disolución y a la desaparición de muchas de sus militantes","",""
"7230deaa-bc2f-4383-b26e-6c58bacbab4c","LM_HR_1986_07_Conferencia.txt","UFA","char-offset:1823","PERSON","","","","","","","","","La Unión Feminista Argentina (UFA), fundada en 1970, fue una de las primeras agrupaciones feministas del país, creada con el objetivo de luchar por los derechos de las mujeres y cuestionar las estructuras de poder patriarcales. Integrada principalmente por mujeres de clase media, la UFA se centró en la visibilidad de los problemas sociales y políticos que enfrentaban las mujeres, como la desigualdad laboral y los derechos reproductivos. Fue una organización clave en la introducción de temas feministas en el debate público argentino, aunque su impacto se vio limitado por la represión política que comenzó con la dictadura militar en 1976, que disolvió muchas de las agrupaciones activistas de la época.","",""
"c9068c20-fa3d-4804-8327-72974e25f41c","LM_HR_1986_07_Conferencia.txt","(NOW)","char-offset:1874","PERSON","","","","","","","","","La National Organization for Women (NOW), fundada en 1966 en Estados Unidos, fue clave en la lucha por los derechos de las mujeres, enfocándose en la igualdad de género, los derechos reproductivos, la lucha contra la discriminación laboral y la violencia de género. Su campaña abogó por la aprobación de la Enmienda de Igualdad de Derechos (ERA), el acceso al aborto y la participación de las mujeres en la vida política y profesional. En Argentina, el movimiento feminista de los años 70 se inspiró en NOW, especialmente en temas como los derechos reproductivos y la igualdad legal de las mujeres. Las feministas argentinas adoptaron algunas de las luchas promovidas por NOW, como la autonomía legal de las mujeres, impulsando cambios en el acceso a métodos anticonceptivos y el aborto​","",""
"dea72dec-38f6-476b-bc3c-04e44dc0c3df","LM_HR_1986_07_Conferencia.txt","Carla Lonzi","char-offset:1970","PERSON","","","","","","","","","http://id.loc.gov/authorities/names/n80057119

Carla Lonzi (1931-1982) fue una influyente crítica de arte, escritora y feminista italiana, reconocida por su contribución al movimiento feminista radical. A lo largo de su carrera, cuestionó el papel del arte y la crítica de arte en el sistema patriarcal, considerando que estas prácticas eran cómplices de la opresión hacia las mujeres. Abandonó su carrera como crítica de arte y se unió a la creación de ""Rivolta Femminile"" (Revuelta Femenina), un grupo feminista autónomo en Italia, que fue fundamental en la lucha por la liberación de las mujeres y en el cuestionamiento de las estructuras de poder en la sociedad. Uno de sus trabajos más conocidos es el ""Manifiesto de Rivolta Femminile"" (1970), que abogaba por la autoconciencia y la reflexión crítica de las mujeres sobre sus propias experiencias de opresión","",""
"11ccf520-d42a-4104-863e-c6170344f6d2","LM_HR_1986_07_Conferencia.txt","Rivolta Feminile","char-offset:1983","PERSON","","","","","","","","","La Rivolta Femminile fue un movimiento feminista radical italiano nacido en los años 70, fundado por la escritora y activista Carla Lonzi. Su objetivo principal era desafiar el patriarcado y transformar las estructuras sociales y familiares tradicionales que oprimían a las mujeres. Este movimiento rompió con la idea de que el feminismo debía ser una lucha dentro de los marcos políticos convencionales, enfocándose en la crítica radical a la sexualidad, el matrimonio y la maternidad, y promoviendo la autonomía femenina. En 1970, Rivolta Femminile también estableció la primera editorial feminista en Italia, Scritti di Rivolta Femminile, que publicó una serie de textos influyentes, como los escritos de Lonzi, que abogaban por una feminidad libre de las imposiciones sociales y políticas​.","",""
"1bec4493-08ac-4bca-9d67-f868f308d250","LM_HR_1986_07_Conferencia.txt","MLF","char-offset:2005","PERSON","","","","","","","","","El Movimiento de Liberación Femenina (MLF), también fundado en la misma década, adoptó una estructura más militante y verticalista, y estuvo centrado en la lucha por la liberación de las mujeres no solo en el plano social, sino también en el político y económico. Sus fundadoras, como Delia Oddone, defendían la necesidad de una transformación radical de la sociedad y abogaban por la emancipación total de las mujeres, confrontando las normativas de género impuestas por el sistema patriarcal. En su enfoque, se combinaba la reivindicación de derechos sociales con un cuestionamiento profundo a las estructuras de poder tradicionales, aunque también fue blanco de la represión durante la dictadura. Al igual que la UFA, el MLF sufrió el golpe de Estado de 1976, que llevó a su disolución y a la desaparición de muchas de sus militantes.","",""
"b42597ea-56dd-4f44-81b9-15df712a45cc","LM_HR_1986_07_Conferencia.txt","Simone de Beauvoir","char-offset:2055","PERSON","","","","","","","","","http://id.loc.gov/authorities/names/n80005123
Simone de Beauvoir (1908-1986) fue una filósofa, escritora y feminista francesa, considerada una de las figuras más influyentes del movimiento feminista contemporáneo. Su obra más conocida, ""El segundo sexo"" (1949), examina la opresión de las mujeres a lo largo de la historia y se convierte en una de las bases del pensamiento feminista moderno. De Beauvoir exploró temas de libertad, existencialismo y la construcción social del género, defendiendo la autonomía de las mujeres y su derecho a definirse fuera de los roles tradicionales.","",""
"008b64a0-233a-454c-8ef6-428cb96755ed","LM_HR_1986_07_Conferencia.txt","UFA","char-offset:2186","PERSON","","","","","","","","","La Unión Feminista Argentina (UFA), fundada en 1970, fue una de las primeras agrupaciones feministas del país, creada con el objetivo de luchar por los derechos de las mujeres y cuestionar las estructuras de poder patriarcales. Integrada principalmente por mujeres de clase media, la UFA se centró en la visibilidad de los problemas sociales y políticos que enfrentaban las mujeres, como la desigualdad laboral y los derechos reproductivos. Fue una organización clave en la introducción de temas feministas en el debate público argentino, aunque su impacto se vio limitado por la represión política que comenzó con la dictadura militar en 1976, que disolvió muchas de las agrupaciones activistas de la época.","",""
"c9de58bf-14d1-4889-be0b-0b9274d0cd4a","LM_HR_1986_07_Conferencia.txt","UFA","char-offset:2477","PERSON","","","","","","","","","La Unión Feminista Argentina (UFA), fundada en 1970, fue una de las primeras agrupaciones feministas del país, creada con el objetivo de luchar por los derechos de las mujeres y cuestionar las estructuras de poder patriarcales. Integrada principalmente por mujeres de clase media, la UFA se centró en la visibilidad de los problemas sociales y políticos que enfrentaban las mujeres, como la desigualdad laboral y los derechos reproductivos. Fue una organización clave en la introducción de temas feministas en el debate público argentino, aunque su impacto se vio limitado por la represión política que comenzó con la dictadura militar en 1976, que disolvió muchas de las agrupaciones activistas de la época.","",""
"fde91bf1-a5fe-4906-afaa-0f6eead39090","LM_HR_1986_07_Conferencia.txt","Día de la Madre","char-offset:2658","EVENT","","","","","","","","","","",""
"789f9845-c1bf-4090-8708-b35044470c85","LM_HR_1986_07_Conferencia.txt","este período","char-offset:2787","EVENT","","","","","","","","","","",""
"c321f1e2-63f3-4d3a-ab84-f4a7d05b5a99","LM_HR_1986_07_Conferencia.txt","Eva Perón","char-offset:2943","PERSON","","","","","","","","","http://id.loc.gov/authorities/names/n79091465

Eva Perón (1919-1952) fue una figura clave en la historia de Argentina. Desempeñó un papel crucial en la lucha por los derechos de las mujeres, promoviendo el sufragio femenino y otras reformas sociales. Fundadora de la Fundación Eva Perón, trabajó por el bienestar de los sectores más desfavorecidos del país. Su figura es ampliamente admirada por su trabajo a favor de la justicia social.","",""
"587c4058-d3db-49d0-aa7e-953c3cb7d4d3","LM_HR_1986_07_Conferencia.txt","Alicia Moreau","char-offset:2955","PERSON","","","","","","","","","http://id.loc.gov/authorities/names/n83310655

Alicia Moreau (1885-1986) fue una destacada activista y feminista argentina. Fue una de las primeras mujeres en participar activamente en la política argentina y luchó por el sufragio femenino, que se consiguió en 1947. Más tarde, fundó el Partido Socialista Argentino y fue una defensora de los derechos laborales, la educación y la igualdad de género. A lo largo de su vida, trabajó por la justicia social y la inclusión de las mujeres en la política, siendo una figura clave en el desarrollo del feminismo en el país.","",""
"19cdb42a-a044-4fca-a2d8-fc264672eb5a","LM_HR_1986_07_Conferencia.txt","Período 1973-1976:","char-offset:3135","EVENT","","","","","","","","","","",""
"0342eefa-8950-4dc2-b389-75c48e76c712","LM_HR_1986_07_Conferencia.txt","1973","char-offset:3158","EVENT","","","","","","","","","","",""
"ab1cc367-bf35-4684-bd61-bc09811cf038","LM_HR_1986_07_Conferencia.txt","dictadura","char-offset:3226","EVENT","","","","","","","","","","",""
"3e743750-46c0-4389-87be-f88f412a3ae7","LM_HR_1986_07_Conferencia.txt","peronismo","char-offset:3424","PERSON","","","","","","","","","Movimiento político y social fundado por Juan Domingo Perón, basado en sus ideas sobre justicia social, derechos laborales, y una economía mixta que equilibre el rol del estado y el sector privado. Su ideología se centra en la dignidad del trabajo, la distribución equitativa de la riqueza, y el fortalecimiento de los derechos sociales.","",""
"2ffbab6e-0bf2-462a-948d-43bc8dda1fdc","LM_HR_1986_07_Conferencia.txt","Salvador Allende","char-offset:3680","PERSON","","","","","","","","","http://id.loc.gov/authorities/names/n50022993","",""
"c4c9fb68-0775-43ae-ac74-ab5acea43381","LM_HR_1986_07_Conferencia.txt","Chile","char-offset:3701","PLACE","http://sws.geonames.org/3895114","Chile","","-37.779401860718636","-71.36007248693086","","VERIFIED","","","",""
"ea6ec275-654c-4030-bac6-29f5de568ecd","LM_HR_1986_07_Conferencia.txt","UFA","char-offset:3734","PERSON","","","","","","","","","La Unión Feminista Argentina (UFA), fundada en 1970, fue una de las primeras agrupaciones feministas del país, creada con el objetivo de luchar por los derechos de las mujeres y cuestionar las estructuras de poder patriarcales. Integrada principalmente por mujeres de clase media, la UFA se centró en la visibilidad de los problemas sociales y políticos que enfrentaban las mujeres, como la desigualdad laboral y los derechos reproductivos. Fue una organización clave en la introducción de temas feministas en el debate público argentino, aunque su impacto se vio limitado por la represión política que comenzó con la dictadura militar en 1976, que disolvió muchas de las agrupaciones activistas de la época.","",""
"cad9dcf2-5aaa-41d4-92af-6c76de0866b4","LM_HR_1986_07_Conferencia.txt","1974","char-offset:4326","EVENT","","","","","","","","","","",""
"67bf595d-b9ea-4c06-ba52-ddbd7b6bf08b","LM_HR_1986_07_Conferencia.txt","UFA","char-offset:4482","PERSON","","","","","","","","","La Unión Feminista Argentina (UFA), fundada en 1970, fue una de las primeras agrupaciones feministas del país, creada con el objetivo de luchar por los derechos de las mujeres y cuestionar las estructuras de poder patriarcales. Integrada principalmente por mujeres de clase media, la UFA se centró en la visibilidad de los problemas sociales y políticos que enfrentaban las mujeres, como la desigualdad laboral y los derechos reproductivos. Fue una organización clave en la introducción de temas feministas en el debate público argentino, aunque su impacto se vio limitado por la represión política que comenzó con la dictadura militar en 1976, que disolvió muchas de las agrupaciones activistas de la época.","",""
"1aa9d3c7-8a3c-4dc9-95b5-f749d3cda99a","LM_HR_1986_07_Conferencia.txt","MLF","char-offset:4488","PERSON","","","","","","","","","El Movimiento de Liberación Femenina (MLF), también fundado en la misma década, adoptó una estructura más militante y verticalista, y estuvo centrado en la lucha por la liberación de las mujeres no solo en el plano social, sino también en el político y económico. Sus fundadoras, como Delia Oddone, defendían la necesidad de una transformación radical de la sociedad y abogaban por la emancipación total de las mujeres, confrontando las normativas de género impuestas por el sistema patriarcal. En su enfoque, se combinaba la reivindicación de derechos sociales con un cuestionamiento profundo a las estructuras de poder tradicionales, aunque también fue blanco de la represión durante la dictadura. Al igual que la UFA, el MLF sufrió el golpe de Estado de 1976, que llevó a su disolución y a la desaparición de muchas de sus militantes.","",""
"0575944c-e27b-42ea-b3a2-c82cb163fae1","LM_HR_1986_07_Conferencia.txt","Frente de Liberación Homosexual","char-offset:4516","PERSON","","","","","","","","","El Frente de Liberación Homosexual (FLH) fue una organización argentina pionera en la lucha por los derechos de la comunidad LGBT+. Fue fundada por un grupo de activistas que buscaban visibilizar y defender los derechos de las personas homosexuales en un contexto de represión política y social. El FLH también buscaba combatir la discriminación y la opresión hacia las minorías sexuales, aunque tuvo una vida breve, disolviéndose en 1976 debido al golpe militar.","",""
"d472c2c7-68b7-48cb-93ef-c85714d08849","LM_HR_1986_07_Conferencia.txt","nuestro país","char-offset:4828","PLACE","","","","","","","UNVERIFIED","","","",""
"cbe8bc5f-7e7d-4b3d-80ad-1a622ccfeb9a","LM_HR_1986_07_Conferencia.txt","1974/1975","char-offset:4988","EVENT","","","","","","","","","","",""
"24036bba-96cd-48a1-8996-27f7a5eed7c5","LM_HR_1986_07_Conferencia.txt","""Persona""","char-offset:5089","EVENT","","","","","","","","","""Persona"" fue una revista feminista argentina que se publicó entre 1974 y 1976, durante un periodo de agitación política y social en el país. Fue una de las primeras publicaciones en abordar temas de feminismo y derechos de las mujeres desde una perspectiva crítica, y también se centró en visibilizar cuestiones relacionadas con la sexualidad, la lucha por la igualdad y los derechos laborales. ","",""
"c627329b-0ca4-4f7f-b522-67d05cae5b08","LM_HR_1986_07_Conferencia.txt","MLF","char-offset:5104","PERSON","","","","","","","","","El Movimiento de Liberación Femenina (MLF), también fundado en la misma década, adoptó una estructura más militante y verticalista, y estuvo centrado en la lucha por la liberación de las mujeres no solo en el plano social, sino también en el político y económico. Sus fundadoras, como Delia Oddone, defendían la necesidad de una transformación radical de la sociedad y abogaban por la emancipación total de las mujeres, confrontando las normativas de género impuestas por el sistema patriarcal. En su enfoque, se combinaba la reivindicación de derechos sociales con un cuestionamiento profundo a las estructuras de poder tradicionales, aunque también fue blanco de la represión durante la dictadura. Al igual que la UFA, el MLF sufrió el golpe de Estado de 1976, que llevó a su disolución y a la desaparición de muchas de sus militantes.","",""
"d9c895cc-a501-455b-8186-b9bc0005e27b","LM_HR_1986_07_Conferencia.txt","La Agrupación de Mujeres Socialistas (AMS)","char-offset:5801","PERSON","","","","","","","","","La Agrupación de Mujeres Socialistas (AMS) fue un grupo feminista argentino de orientación socialista creado en los años 70, con el objetivo de luchar por la igualdad de género y criticar las estructuras patriarcales y capitalistas.","",""
"b666008d-4ab3-4425-80c5-f279226265c1","LM_HR_1986_07_Conferencia.txt","Partido Socialista de los Trabajadores","char-offset:5876","PERSON","","","","","","","","","","",""
"e3e161a2-dfca-4738-ad16-e7400823ba6f","LM_HR_1986_07_Conferencia.txt","Centro de Estudios sobre la Mujer Argentina (CESMA)","char-offset:5919","PERSON","","","","","","","","","El Centro de Estudios sobre la Mujer Argentina (CESMA), fundado en 1984, promovió los derechos de las mujeres mediante investigaciones y el impulso del debate sobre igualdad de género.","",""
"b707ff7e-2619-4c44-8707-226e3de3a3dd","LM_HR_1986_07_Conferencia.txt","Argentina","char-offset:5953","PLACE","http://sws.geonames.org/3865483","Argentina","","-35.394839239920955","-65.1714380569768","","VERIFIED","","","",""
"8c5d0f06-7aaf-45ef-9b86-3fbd7312cf15","LM_HR_1986_07_Conferencia.txt","Frente de Izquierda Popular","char-offset:6002","PERSON","","","","","","","","","El Frente de Izquierda Popular fue una coalición de izquierda formada en los años 70 que apoyó la justicia social y los derechos de los trabajadores, incluyendo los de las mujeres, pero fue afectada por la represión de la dictadura.","",""
"16cd783d-1080-4c23-b9f8-62b304baa791","LM_HR_1986_07_Conferencia.txt","Año Internacional de la Mujer","char-offset:6210","EVENT","","","","","","","","","El Año Internacional de la Mujer fue declarado en 1975 por las Naciones Unidas para resaltar la importancia de la lucha por los derechos de las mujeres y la igualdad de género a nivel global. Durante ese año, se llevaron a cabo diversas actividades y conferencias internacionales para promover la participación de las mujeres en todos los aspectos de la vida social, económica y política, además de poner énfasis en la eliminación de la discriminación y la violencia de género.","",""
"1bdaafd0-50b9-4838-b692-867135d0dbc9","LM_HR_1986_07_Conferencia.txt","Coordinadora","char-offset:6252","EVENT","","","","","","","","","En 1975, con motivo del Año Internacional de la Mujer, se creó en Argentina una Coordinadora Feminista que agrupo a diversas organizaciones y activistas feministas. ","",""
"a444e095-459a-4fcc-8375-b522d09732f6","LM_HR_1986_07_Conferencia.txt","mujeres de los partidos tradicionales","char-offset:6291","PERSON","","","","","","","","","","",""
"b1ca0971-2cd9-4198-bdc4-3344416b9c2b","LM_HR_1986_07_Conferencia.txt","Naciones Unidas","char-offset:6362","PERSON","","","","","","","","","","",""
"acbd9008-b697-4473-9d13-161d64e1c586","LM_HR_1986_07_Conferencia.txt","Naciones Unidas","char-offset:6362","PERSON","","","","","","","","","","",""
"c37cb2a5-cbfa-4e7e-b61c-99f60d50315e","LM_HR_1986_07_Conferencia.txt","AMS","char-offset:6458","PERSON","","","","","","","","","La Agrupación de Mujeres Socialistas (AMS) fue un grupo feminista argentino de orientación socialista creado en los años 70, con el objetivo de luchar por la igualdad de género y criticar las estructuras patriarcales y capitalistas.","",""
"4ac90e7d-95c0-4a51-827d-482e866ac5a8","LM_HR_1986_07_Conferencia.txt","Coordinadora","char-offset:6558","EVENT","","","","","","","","","En 1975, con motivo del Año Internacional de la Mujer, se creó en Argentina una Coordinadora Feminista que agrupo a diversas organizaciones y activistas feministas. ","",""
"6fc4bad8-afa0-4a2b-9815-fab12693f89b","LM_HR_1986_07_Conferencia.txt","este período","char-offset:6653","EVENT","","","","","","","","","","",""
"5603d17f-73c9-4ec4-9cbe-dabb0e49bb57","LM_HR_1986_07_Conferencia.txt","período 1970-1976","char-offset:6913","EVENT","","","","","","","","","","",""
"31d156db-9c45-430d-8fe5-6482168e7821","LM_HR_1986_07_Conferencia.txt","país","char-offset:6947","PLACE","http://sws.geonames.org/3865483","Argentina","","-35.394839239920955","-65.1714380569768","","VERIFIED","","","",""
"d80e1b32-0274-407f-b2e4-57295db149f8","LM_HR_1986_07_Conferencia.txt","vanguardias revolucionarias","char-offset:7073","PERSON","","","","","","","","","","",""
"ae373a5b-19a1-47ec-bfbd-4f7827a370cb","LM_HR_1986_07_Conferencia.txt","grupos feministas de izquierda","char-offset:7797","PERSON","","","","","","","","","","",""
"e085eba3-0e9e-4a2b-8ac2-482bd8de0dc2","LM_HR_1986_07_Conferencia.txt","Período 1976-1983:","char-offset:8006","EVENT","","","","","","","","","","",""
"74e47e76-edf7-4b06-b564-34ddc6151bf3","LM_HR_1986_07_Conferencia.txt","El golpe militar de 1976","char-offset:8026","EVENT","","","","","","","","","La dictadura militar en Argentina (1976-1983), fue un régimen autoritario que derrocó a Isabel Perón mediante un golpe de Estado. Gobernada por juntas militares, estuvo marcada por una represión sistemática con secuestros, torturas y desapariciones forzadas de unas 30.000 personas, según organismos de derechos humanos. Además, hubo censura, crisis económica y políticas represivas que buscaban eliminar la disidencia. La derrota en la Guerra de Malvinas (1982) precipitó su caída, abriendo paso a la restauración democrática en 1983.","",""
"d306c986-ce31-4888-92fb-7c12f0a3b950","LM_HR_1986_07_Conferencia.txt","país","char-offset:8062","PLACE","http://sws.geonames.org/3865483","Argentina","","-35.394839239920955","-65.1714380569768","","VERIFIED","","","",""
"06e84e8e-23c9-4ba2-a302-ad8d30499ff8","LM_HR_1986_07_Conferencia.txt","grupos de ultraizquierda no ligados a partidos políticos","char-offset:8164","PERSON","","","","","","","","","","",""
"20c9079f-cd5c-4c0e-94df-7a56c6c68730","LM_HR_1986_07_Conferencia.txt","Pequeños grupos de estudio","char-offset:8508","PERSON","","","","","","","","","","",""
"75686c32-2ec0-4cd8-a0f4-eb2c03f11568","LM_HR_1986_07_Conferencia.txt","pequeñas células aisladas","char-offset:8994","PERSON","","","","","","","","","","",""
"079f1c25-2f28-4d5e-bd93-580e7926c3dd","LM_HR_1986_07_Conferencia.txt","1979","char-offset:9085","EVENT","","","","","","","","","","",""
"d964581c-88f1-4e5c-b57f-1d5bcdf2c189","LM_HR_1986_07_Conferencia.txt","Poder Judicial","char-offset:9177","PERSON","","","","","","","","","","",""
"f8806769-a645-4861-ae91-ca227d7f2214","LM_HR_1986_07_Conferencia.txt","1981","char-offset:9756","EVENT","","","","","","","","","","",""
"dd275d8d-9a17-40e6-8e77-db17f9207867","LM_HR_1986_07_Conferencia.txt","ley de Patria Potestad","char-offset:9875","EVENT","","","","","","","","","A fines de 1981, en Argentina, un grupo de mujeres comenzó a movilizarse para reclamar la modificación de la ley de patria potestad, la cual otorgaba exclusivamente al padre el pleno control sobre decisiones relacionadas con los hijos, como su educación, domicilio y administración de bienes. Estas mujeres iniciaron una campaña para reunir firmas con el objetivo de cambiar este sistema, que reflejaba una marcada desigualdad de género.","",""
"6e6dfbf7-52bc-404d-bd35-80153cca8d4e","LM_HR_1986_07_Conferencia.txt","1982","char-offset:10289","EVENT","","","","","","","","","","",""
"d201c2d6-bced-4994-8e69-bd6794f5d65c","LM_HR_1986_07_Conferencia.txt","Asociación de Trabajo y Estudio sobre la Mujer (ATEM ""25 de noviembre"")","char-offset:10305","PERSON","","","","","","","","","La Asociación de Trabajo y Estudio sobre la Mujer (ATEM ""25 de noviembre""), fundada en 1983 en Argentina, se dedicó a combatir la violencia de género y promover los derechos de las mujeres. Tomó su nombre del Día Internacional para la Eliminación de la Violencia contra la Mujer y fue pionera en visibilizar temas como la violencia doméstica y los derechos reproductivos. También impulsó investigaciones, propuestas legislativas y campañas públicas en favor de la igualdad de género.","",""
"cbe2b59a-dc2b-420d-99cc-9af720503e94","LM_HR_1986_07_Conferencia.txt","campaña sobre patria potestad","char-offset:10397","EVENT","","","","","","","","","","",""
"c258f0a6-bd0b-41f2-8397-3bc36244ba6b","LM_HR_1986_07_Conferencia.txt","Primeras Jornadas Nacionales sobre Mujer y Familia","char-offset:10565","EVENT","","","","","","","","","Las Primeras Jornadas Nacionales sobre Mujer y Familia se llevaron a cabo en 1984, organizadas por la Asociación de Trabajo y Estudio sobre la Mujer (ATEM ""25 de noviembre""). Este evento fue significativo en el contexto de la recuperación democrática en Argentina, ya que representó un espacio para discutir temas relacionados con los derechos de las mujeres y la familia en un momento en que el país estaba saliendo de una dictadura militar.","",""
"ab363e02-a730-41f0-ae29-adeb12381dc6","LM_HR_1986_07_Conferencia.txt","Brujas","char-offset:10638","EVENT","","","","","","","","","La revista ""Brujas"" fue publicada por la Asociación de Trabajo y Estudio sobre la Mujer (ATEM ""25 de noviembre"") a partir de 1984, en el contexto de la recuperación democrática en Argentina. Su objetivo era visibilizar problemas como la violencia de género, el trabajo doméstico y los derechos reproductivos, estableciendo un diálogo sobre cómo estas cuestiones se relacionaban con el contexto político y social del país. A través de artículos, ensayos y crónicas, ""Brujas"" se convirtió en un espacio fundamental para el debate feminista y ayudó a consolidar el movimiento en Argentina, promoviendo una intersección entre las luchas feministas y otras causas sociales.","",""
"ef35501e-4113-494b-8e57-2ec92e876b49","LM_HR_1986_07_Conferencia.txt","1981/1982","char-offset:10651","EVENT","","","","","","","","","","",""
"a2661349-8d81-43d3-a5ad-e8c8afe3b696","LM_HR_1986_07_Conferencia.txt","DIMA (Derechos Iguales para la Mujer Argentina","char-offset:10662","PERSON","","","","","","","","","DIMA fue una organización feminista fundada en 1986 con el objetivo de promover la igualdad de derechos y oportunidades para las mujeres en el país. Se destacó por su enfoque en la defensa de los derechos humanos de las mujeres, la lucha contra la violencia de género y la inclusión de las mujeres en el ámbito político y social. DIMA trabajó en la sensibilización sobre temas como el acceso a la salud, la educación y el trabajo.","",""
"6b0bb666-de7e-4226-9aa1-b1954a815cc0","LM_HR_1986_07_Conferencia.txt","congresos","char-offset:10722","EVENT","","","","","","","","","","",""
"435be6f2-9e2c-4ce3-a3e3-627e040b0913","LM_HR_1986_07_Conferencia.txt","país","char-offset:10783","PLACE","http://sws.geonames.org/3865483","Argentina","","-35.394839239920955","-65.1714380569768","","VERIFIED","","","",""
"6c3e99ee-88d4-44da-8d42-cdceef7a886d","LM_HR_1986_07_Conferencia.txt","1983","char-offset:10817","EVENT","","","","","","","","","","",""
"db9297a3-ff17-4b56-804a-485d2ff6d6a0","LM_HR_1986_07_Conferencia.txt","elecciones nacionales","char-offset:10835","EVENT","","","","","","","","","Las elecciones nacionales en Argentina de 1983 marcaron el regreso a la democracia tras más de siete años de dictadura militar. Raúl Alfonsín, candidato de la Unión Cívica Radical, ganó con el 51,75% de los votos. La participación electoral fue alta, alcanzando el 85,61% del padrón. Alfonsín asumió la presidencia el 10 de diciembre y comenzó a investigar las violaciones a los derechos humanos cometidas durante la dictadura, estableciendo la Comisión Nacional sobre la Desaparición de Personas (CONADEP) y llevando a cabo juicios contra las juntas militares. Estas elecciones son vistas como un hito en la historia política argentina, simbolizando el fin del terrorismo de Estado y el inicio de un nuevo capítulo democrático.","",""
"ad89f491-2613-4bb3-a194-ce7ad950b195","LM_HR_1986_07_Conferencia.txt","período 1976-1983","char-offset:11057","EVENT","","","","","","","","","","",""
"de8d0e11-8871-4767-b23f-dea5507abc23","LM_HR_1986_07_Conferencia.txt","dictadura militar","char-offset:11120","EVENT","","","","","","","","","La dictadura militar en Argentina (1976-1983), fue un régimen autoritario que derrocó a Isabel Perón mediante un golpe de Estado. Gobernada por juntas militares, estuvo marcada por una represión sistemática con secuestros, torturas y desapariciones forzadas de unas 30.000 personas, según organismos de derechos humanos. Además, hubo censura, crisis económica y políticas represivas que buscaban eliminar la disidencia. La derrota en la Guerra de Malvinas (1982) precipitó su caída, abriendo paso a la restauración democrática en 1983.||En 1970, la dictadura militar argentina, conocida como la ""Revolución Argentina"", estaba consolidando su poder tras el golpe de Estado de 1966. En este año, el gobierno de facto, encabezado por el general Juan Carlos Onganía, comenzó a enfrentar crecientes desafíos. La represión contra movimientos sociales y opositores políticos aumentó, mientras que sectores militares y políticos comenzaron a discutir el futuro del régimen. Fue en este contexto que Roberto Levingston asumió la presidencia en 1970, pero su mandato duró poco. Levingston se vio desplazado en 1971 por Alejandro Agustín Lanusse debido a la falta de apoyo y a la creciente presión de la sociedad civil y de la propia estructura militar. Este período fue crucial en la escalada de la violencia política y la implementación de políticas represivas que culminarían en la dictadura más feroz entre 1976 y 1983","",""
"6414eae2-1622-409d-8d03-cc6e641ef6ad","LM_HR_1986_07_Conferencia.txt","país","char-offset:11234","PLACE","http://sws.geonames.org/3865483","Argentina","","-35.394839239920955","-65.1714380569768","","VERIFIED","","","",""
"6e9d8a5d-5ca9-4b64-850d-d9ab3601c1f8","LM_HR_1986_07_Conferencia.txt","dictadura","char-offset:11255","EVENT","","","","","","","","","","",""
"44285631-54b8-4be6-8c42-7523653b74bb","LM_HR_1986_07_Conferencia.txt","guerra de las Malvinas","char-offset:11266","EVENT","","","","","","","","","La guerra de las Malvinas fue un conflicto entre Argentina y el Reino Unido que tuvo lugar del 2 de abril al 14 de junio de 1982, tras la ocupación argentina de las Islas Malvinas, reclamadas por el país sudamericano. El Reino Unido respondió enviando una fuerza militar para recuperar el control de las islas. Durante los 74 días de combate, murieron 649 soldados argentinos, 255 británicos y tres civiles isleños. El conflicto culminó con la rendición argentina el 14 de junio, restableciendo el control británico sobre las islas. La guerra dejó un impacto significativo en la política argentina y se conmemora anualmente como un símbolo de la lucha por la soberanía nacional.","",""
"4f650417-4dee-449a-a84b-67e6bf201e7f","LM_HR_1986_07_Conferencia.txt","Malvinas","char-offset:11280","PLACE","http://sws.geonames.org/3845073","Malvinas Argentinas","","-31.38333","-64.06667","","UNVERIFIED","","La cuestión de la soberanía argentina sobre las Islas Malvinas se centra en la disputa entre Argentina y el Reino Unido, que se originó el 3 de enero de 1833, cuando el Reino Unido ocupó las islas y expulsó a las autoridades argentinas. Argentina sostiene que heredó los derechos sobre las Malvinas de España tras su independencia en 1810 y que ejerció soberanía sobre ellas desde 1820. La posición argentina se basa en argumentos históricos, geográficos y jurídicos, destacando la continuidad geográfica de las islas con el continente sudamericano y la ocupación efectiva previa por parte de autoridades argentinas.
Desde entonces, Argentina ha mantenido un reclamo constante por la recuperación de las islas, considerándolas parte integral e indivisible de su territorio. La Constitución Nacional reafirma esta postura, estableciendo que la recuperación de las Malvinas es un objetivo permanente e irrenunciable del pueblo argentino.","",""
"0351afcb-a5ce-4c4e-be11-e41457f3dddd","LM_HR_1986_07_Conferencia.txt","campaña electoral","char-offset:11290","EVENT","","","","","","","","","","",""
"647835dd-4bf8-42cf-adfd-aece93e7b05a","LM_HR_1986_07_Conferencia.txt","reinstauración democrática","char-offset:11310","EVENT","","","","","","","","","","",""
"18ecd16c-1cd7-4ccd-b444-0f8cef2d678d","LM_HR_1986_07_Conferencia.txt","golpe de estado","char-offset:11584","EVENT","","","","","","","","","","",""
"edd52c9e-1d91-4108-853b-6fcab218ebee","LM_HR_1986_07_Conferencia.txt","Centro de Estudios de la Mujer (CEM)","char-offset:12043","PERSON","","","","","","","","","El Centro de Estudios de la Mujer (CEM) fue una organización feminista fundada en 1979 en Argentina, en un contexto de represión política y social durante la dictadura militar. Su objetivo principal era investigar y promover los derechos de las mujeres, así como visibilizar las problemáticas de género en la sociedad argentina. El CEM se destacó por su enfoque académico y su compromiso con la formación de un pensamiento crítico sobre la situación de las mujeres, abordando temas como la violencia de género, la salud reproductiva y la participación política.","",""
"fbb5e572-3f8b-4e2b-8d6e-fa54cacd8396","LM_HR_1986_07_Conferencia.txt","1979","char-offset:12092","EVENT","","","","","","","","","","",""
"41444ecd-3c1d-4310-99b6-7114d24534d5","LM_HR_1986_07_Conferencia.txt","LUGAR DE MUJER","char-offset:12187","PERSON","","","","","","","","institución|asociación","Lugar de Mujer fue una de las primeras organizaciones feministas en Argentina, fundada en 1983 por mujeres como Hilda Rais y otras activistas. Su objetivo principal era ofrecer un espacio seguro para las mujeres, especialmente aquellas que enfrentaban violencia de género, promoviendo la autoayuda y el empoderamiento. Este espacio se destacó por su enfoque en la autogestión y el apoyo colectivo, ofreciendo talleres y actividades para reflexionar sobre los derechos de las mujeres y la igualdad de género. Entre sus iniciativas, incluyó grupos de autoayuda para mujeres sobrevivientes de violencia, actividades educativas sobre derechos y género, y el impulso de reformas legales significativas en Argentina, como la ley de patria potestad compartida aprobada en 1985.","",""
"208100e1-54c7-48fb-86b7-9d8395ada4ed","LM_HR_1986_07_Conferencia.txt","marzo de 1983","char-offset:12205","EVENT","","","","","","","","","","",""
"ac72f206-39d7-445a-9d26-f0031cfec5b1","LM_HR_1986_07_Conferencia.txt","DIMA","char-offset:12220","PERSON","","","","","","","","","DIMA fue una organización feminista fundada en 1986 con el objetivo de promover la igualdad de derechos y oportunidades para las mujeres en el país. Se destacó por su enfoque en la defensa de los derechos humanos de las mujeres, la lucha contra la violencia de género y la inclusión de las mujeres en el ámbito político y social. DIMA trabajó en la sensibilización sobre temas como el acceso a la salud, la educación y el trabajo.","",""
"77d7eae1-2a0b-4718-b878-27b30cb41a5c","LM_HR_1986_07_Conferencia.txt","""Jornadas de Mujer y Creación""","char-offset:12238","EVENT","","","","","","","","","Organizadas por feministas y artistas, estas jornadas buscaron visibilizar la producción cultural y artística de las mujeres, así como abordar las problemáticas de género en un momento de efervescencia social y política. Durante el evento, se realizaron debates, talleres y presentaciones que destacaron la importancia de la voz femenina en el ámbito cultural, promoviendo la creación artística como una forma de resistencia y expresión.","",""
"d82c986b-e5ad-40cf-adc2-dc4d718b4372","LM_HR_1986_07_Conferencia.txt","proyecto de ""la casa""","char-offset:12480","EVENT","","","","","","","","","","",""
"d0b18d26-e1bb-4822-8a34-29b0e8b97598","LM_HR_1986_07_Conferencia.txt","dictadura","char-offset:12645","EVENT","","","","","","","","","","",""
"08ab2025-aa25-43c5-bcba-16895e4922a7","LM_HR_1986_07_Conferencia.txt","1983","char-offset:13324","EVENT","","","","","","","","","","",""
"18d4b80e-f3c8-4b8d-a0ee-23d9676ae28b","LM_HR_1986_07_Conferencia.txt","LUGAR DE MUJER","char-offset:13341","PERSON","","","","","","","","institución|asociación","Lugar de Mujer fue una de las primeras organizaciones feministas en Argentina, fundada en 1983 por mujeres como Hilda Rais y otras activistas. Su objetivo principal era ofrecer un espacio seguro para las mujeres, especialmente aquellas que enfrentaban violencia de género, promoviendo la autoayuda y el empoderamiento. Este espacio se destacó por su enfoque en la autogestión y el apoyo colectivo, ofreciendo talleres y actividades para reflexionar sobre los derechos de las mujeres y la igualdad de género. Entre sus iniciativas, incluyó grupos de autoayuda para mujeres sobrevivientes de violencia, actividades educativas sobre derechos y género, y el impulso de reformas legales significativas en Argentina, como la ley de patria potestad compartida aprobada en 1985.","",""
"25a26c21-b273-4636-a4c0-6e25e061be29","LM_HR_1986_07_Conferencia.txt","Colectivo","char-offset:13567","PERSON","","","","","","","","","El Colectivo estaba compuesto principalmente por feministas y activistas que buscaban promover la autonomía y el empoderamiento de las mujeres en Argentina. Este grupo se organizó para llevar a cabo actividades culturales, educativas y de apoyo mutuo, convirtiéndose en un espacio fundamental para el desarrollo del movimiento feminista en el país. A través de su estructura colectiva, las fundadoras trabajaron sin remuneración, lo que permitió la autofinanciación del espacio mediante cuotas sociales y aranceles mínimos. El Colectivo se enfocó en abordar las problemáticas de género y en fomentar la participación activa de las mujeres en la vida pública, contribuyendo así a la construcción de una agenda política que incluyera sus derechos y demandas.","",""
"16781958-80df-4fdf-bc0c-c0f9426205ff","LM_HR_1986_07_Conferencia.txt","LM","char-offset:13619","PERSON","","","","","","","","","Lugar de Mujer fue una de las primeras organizaciones feministas en Argentina, fundada en 1983 por mujeres como Hilda Rais y otras activistas. Su objetivo principal era ofrecer un espacio seguro para las mujeres, especialmente aquellas que enfrentaban violencia de género, promoviendo la autoayuda y el empoderamiento. Este espacio se destacó por su enfoque en la autogestión y el apoyo colectivo, ofreciendo talleres y actividades para reflexionar sobre los derechos de las mujeres y la igualdad de género. Entre sus iniciativas, incluyó grupos de autoayuda para mujeres sobrevivientes de violencia, actividades educativas sobre derechos y género, y el impulso de reformas legales significativas en Argentina, como la ley de patria potestad compartida aprobada en 1985. ","",""
"76f76b3e-8ce4-4fce-9994-0184337fa6a0","LM_HR_1986_07_Conferencia.txt","Comisiones de Trabajo","char-offset:13807","PERSON","","","","","","","","","Estas comisiones se enfocaban en temas específicos como la violencia de género, la salud, la educación y el trabajo, promoviendo la reflexión, el debate y la acción colectiva. A través de estas comisiones, las integrantes del colectivo buscaban generar conciencia sobre las desigualdades que enfrentaban las mujeres y desarrollar estrategias para su empoderamiento y autonomía.","",""
"2339aea1-23d8-43fe-a7b9-835ba93eddf7","LM_HR_1986_07_Conferencia.txt","LM","char-offset:14420","PERSON","","","","","","","","","Lugar de Mujer fue una de las primeras organizaciones feministas en Argentina, fundada en 1983 por mujeres como Hilda Rais y otras activistas. Su objetivo principal era ofrecer un espacio seguro para las mujeres, especialmente aquellas que enfrentaban violencia de género, promoviendo la autoayuda y el empoderamiento. Este espacio se destacó por su enfoque en la autogestión y el apoyo colectivo, ofreciendo talleres y actividades para reflexionar sobre los derechos de las mujeres y la igualdad de género. Entre sus iniciativas, incluyó grupos de autoayuda para mujeres sobrevivientes de violencia, actividades educativas sobre derechos y género, y el impulso de reformas legales significativas en Argentina, como la ley de patria potestad compartida aprobada en 1985. ","",""
"585e5c0a-89eb-478e-a5fd-6e11d32759b9","LM_HR_1986_07_Conferencia.txt","Colectivo","char-offset:15015","PERSON","","","","","","","","","El Colectivo estaba compuesto principalmente por feministas y activistas que buscaban promover la autonomía y el empoderamiento de las mujeres en Argentina. Este grupo se organizó para llevar a cabo actividades culturales, educativas y de apoyo mutuo, convirtiéndose en un espacio fundamental para el desarrollo del movimiento feminista en el país. A través de su estructura colectiva, las fundadoras trabajaron sin remuneración, lo que permitió la autofinanciación del espacio mediante cuotas sociales y aranceles mínimos. El Colectivo se enfocó en abordar las problemáticas de género y en fomentar la participación activa de las mujeres en la vida pública, contribuyendo así a la construcción de una agenda política que incluyera sus derechos y demandas.","",""
"fe738d85-1174-4005-92d6-faa146de73c2","LM_HR_1986_07_Conferencia.txt","Comisiones","char-offset:15233","PERSON","","","","","","","","","","",""
"900da0e3-0a03-4f1f-8340-b0cfceca85cc","LM_HR_1986_07_Conferencia.txt","Colectivo","char-offset:15549","PERSON","","","","","","","","","El Colectivo estaba compuesto principalmente por feministas y activistas que buscaban promover la autonomía y el empoderamiento de las mujeres en Argentina. Este grupo se organizó para llevar a cabo actividades culturales, educativas y de apoyo mutuo, convirtiéndose en un espacio fundamental para el desarrollo del movimiento feminista en el país. A través de su estructura colectiva, las fundadoras trabajaron sin remuneración, lo que permitió la autofinanciación del espacio mediante cuotas sociales y aranceles mínimos. El Colectivo se enfocó en abordar las problemáticas de género y en fomentar la participación activa de las mujeres en la vida pública, contribuyendo así a la construcción de una agenda política que incluyera sus derechos y demandas.","",""
"a2f0b4fc-227f-483e-82d3-a4a55c3dc3a6","LM_HR_1986_07_Conferencia.txt","democracia","char-offset:15941","EVENT","","","","","","","","","","",""
"fb6d9ab7-bc43-4e50-9a86-4d82e260d6fd","LM_HR_1986_07_Conferencia.txt","Colectivo","char-offset:16028","PERSON","","","","","","","","","El Colectivo estaba compuesto principalmente por feministas y activistas que buscaban promover la autonomía y el empoderamiento de las mujeres en Argentina. Este grupo se organizó para llevar a cabo actividades culturales, educativas y de apoyo mutuo, convirtiéndose en un espacio fundamental para el desarrollo del movimiento feminista en el país. A través de su estructura colectiva, las fundadoras trabajaron sin remuneración, lo que permitió la autofinanciación del espacio mediante cuotas sociales y aranceles mínimos. El Colectivo se enfocó en abordar las problemáticas de género y en fomentar la participación activa de las mujeres en la vida pública, contribuyendo así a la construcción de una agenda política que incluyera sus derechos y demandas.|El segundo colectivo evolucionó para incluir una mayor diversidad de voces y experiencias, integrando a mujeres de diferentes contextos sociales, étnicos y políticos. Este colectivo se caracterizó por su heterogeneidad, lo que permitió abordar una gama más amplia de problemáticas, incluyendo no solo cuestiones de género, sino también temas relacionados con la clase, la cultura y la identidad. La inclusión de mujeres con trayectorias diversas enriqueció el diálogo y fortaleció la capacidad del colectivo para actuar en favor de los derechos de las mujeres en un sentido más amplio.","",""
"5a882a5a-e4e1-486c-b9e5-7247641b363a","LM_HR_1986_07_Conferencia.txt","LM","char-offset:16044","PERSON","","","","","","","","","Lugar de Mujer fue una de las primeras organizaciones feministas en Argentina, fundada en 1983 por mujeres como Hilda Rais y otras activistas. Su objetivo principal era ofrecer un espacio seguro para las mujeres, especialmente aquellas que enfrentaban violencia de género, promoviendo la autoayuda y el empoderamiento. Este espacio se destacó por su enfoque en la autogestión y el apoyo colectivo, ofreciendo talleres y actividades para reflexionar sobre los derechos de las mujeres y la igualdad de género. Entre sus iniciativas, incluyó grupos de autoayuda para mujeres sobrevivientes de violencia, actividades educativas sobre derechos y género, y el impulso de reformas legales significativas en Argentina, como la ley de patria potestad compartida aprobada en 1985. ","",""
"96478f82-c960-455a-a1fb-853fbf89f6a1","LM_HR_1986_07_Conferencia.txt","julio de 1985","char-offset:16312","EVENT","","","","","","","","","","",""
"8ffc852b-84b5-41cb-9807-ce74bcdf094b","LM_HR_1986_07_Conferencia.txt","Colectivo","char-offset:16646","PERSON","","","","","","","","","El segundo colectivo evolucionó para incluir una mayor diversidad de voces y experiencias, integrando a mujeres de diferentes contextos sociales, étnicos y políticos. Este colectivo se caracterizó por su heterogeneidad, lo que permitió abordar una gama más amplia de problemáticas, incluyendo no solo cuestiones de género, sino también temas relacionados con la clase, la cultura y la identidad. La inclusión de mujeres con trayectorias diversas enriqueció el diálogo y fortaleció la capacidad del colectivo para actuar en favor de los derechos de las mujeres en un sentido más amplio.","",""
"79ad101b-855f-403e-9f77-39da1bad7bdb","LM_HR_1986_07_Conferencia.txt","comisiones","char-offset:16870","EVENT","","","","","","","","","","",""
"14a3b935-efd8-4418-9e31-a67a0833576b","LM_HR_1986_07_Conferencia.txt","Relaciones Interinstitucionales","char-offset:16884","EVENT","","","","","","","","","","",""
"10d0e179-5ea9-4564-94b4-496b536f9475","LM_HR_1986_07_Conferencia.txt","Derechos Humanos","char-offset:16924","EVENT","","","","","","","","","El movimiento por los derechos humanos en Argentina surgió en respuesta a las graves violaciones de derechos cometidas durante la dictadura militar que gobernó el país entre 1976 y 1983. Este movimiento se consolidó a partir de la organización de familiares de desaparecidos y detenidos, quienes comenzaron a exigir justicia y verdad sobre el paradero de sus seres queridos. Las Madres de Plaza de Mayo, formadas por madres que buscaban a sus hijos desaparecidos, fueron una de las agrupaciones más emblemáticas, realizando marchas y manifestaciones para visibilizar su causa.
A medida que avanzaba la dictadura, diversas organizaciones de derechos humanos, como la Asamblea Permanente por los Derechos Humanos (APDH) y Abuelas de Plaza de Mayo, comenzaron a estructurarse y a denunciar públicamente los abusos del régimen. Estas agrupaciones jugaron un papel crucial en la lucha por la memoria, la verdad y la justicia tras el regreso a la democracia en 1983, convirtiéndose en pilares fundamentales para el establecimiento de políticas públicas que buscan reparar las atrocidades cometidas durante el terrorismo de Estado. El movimiento ha continuado su labor en las décadas posteriores, abogando por el juicio y castigo a los responsables de violaciones a los derechos humanos.","",""
"f855dc47-f20b-4685-bb30-e7354b657dbc","LM_HR_1986_07_Conferencia.txt","Colectivo","char-offset:17051","PERSON","","","","","","","","","El segundo colectivo evolucionó para incluir una mayor diversidad de voces y experiencias, integrando a mujeres de diferentes contextos sociales, étnicos y políticos. Este colectivo se caracterizó por su heterogeneidad, lo que permitió abordar una gama más amplia de problemáticas, incluyendo no solo cuestiones de género, sino también temas relacionados con la clase, la cultura y la identidad. La inclusión de mujeres con trayectorias diversas enriqueció el diálogo y fortaleció la capacidad del colectivo para actuar en favor de los derechos de las mujeres en un sentido más amplio.","",""
"c2828bd2-7767-45e0-b8df-86b3412d9ecb","LM_HR_1986_07_Conferencia.txt","Colectivo","char-offset:17306","PERSON","","","","","","","","","El segundo colectivo evolucionó para incluir una mayor diversidad de voces y experiencias, integrando a mujeres de diferentes contextos sociales, étnicos y políticos. Este colectivo se caracterizó por su heterogeneidad, lo que permitió abordar una gama más amplia de problemáticas, incluyendo no solo cuestiones de género, sino también temas relacionados con la clase, la cultura y la identidad. La inclusión de mujeres con trayectorias diversas enriqueció el diálogo y fortaleció la capacidad del colectivo para actuar en favor de los derechos de las mujeres en un sentido más amplio.","",""
"bf5ee863-d9b5-4668-a563-5e9feac696e1","LM_HR_1986_07_Conferencia.txt","Colectivo","char-offset:17381","PERSON","","","","","","","","","El Colectivo estaba compuesto principalmente por feministas y activistas que buscaban promover la autonomía y el empoderamiento de las mujeres en Argentina. Este grupo se organizó para llevar a cabo actividades culturales, educativas y de apoyo mutuo, convirtiéndose en un espacio fundamental para el desarrollo del movimiento feminista en el país. A través de su estructura colectiva, las fundadoras trabajaron sin remuneración, lo que permitió la autofinanciación del espacio mediante cuotas sociales y aranceles mínimos. El Colectivo se enfocó en abordar las problemáticas de género y en fomentar la participación activa de las mujeres en la vida pública, contribuyendo así a la construcción de una agenda política que incluyera sus derechos y demandas.|El segundo colectivo evolucionó para incluir una mayor diversidad de voces y experiencias, integrando a mujeres de diferentes contextos sociales, étnicos y políticos. Este colectivo se caracterizó por su heterogeneidad, lo que permitió abordar una gama más amplia de problemáticas, incluyendo no solo cuestiones de género, sino también temas relacionados con la clase, la cultura y la identidad. La inclusión de mujeres con trayectorias diversas enriqueció el diálogo y fortaleció la capacidad del colectivo para actuar en favor de los derechos de las mujeres en un sentido más amplio.","",""
"b8ce118a-32d6-4d30-8460-dc08cf723121","LM_HR_1986_07_Conferencia.txt","LM","char-offset:18325","PERSON","","","","","","","","","Lugar de Mujer fue una de las primeras organizaciones feministas en Argentina, fundada en 1983 por mujeres como Hilda Rais y otras activistas. Su objetivo principal era ofrecer un espacio seguro para las mujeres, especialmente aquellas que enfrentaban violencia de género, promoviendo la autoayuda y el empoderamiento. Este espacio se destacó por su enfoque en la autogestión y el apoyo colectivo, ofreciendo talleres y actividades para reflexionar sobre los derechos de las mujeres y la igualdad de género. Entre sus iniciativas, incluyó grupos de autoayuda para mujeres sobrevivientes de violencia, actividades educativas sobre derechos y género, y el impulso de reformas legales significativas en Argentina, como la ley de patria potestad compartida aprobada en 1985. ","",""
"164f1f47-34aa-432b-a69a-7207ecd564ed","LM_HR_1986_07_Conferencia.txt","LM","char-offset:18438","PERSON","","","","","","","","","Lugar de Mujer fue una de las primeras organizaciones feministas en Argentina, fundada en 1983 por mujeres como Hilda Rais y otras activistas. Su objetivo principal era ofrecer un espacio seguro para las mujeres, especialmente aquellas que enfrentaban violencia de género, promoviendo la autoayuda y el empoderamiento. Este espacio se destacó por su enfoque en la autogestión y el apoyo colectivo, ofreciendo talleres y actividades para reflexionar sobre los derechos de las mujeres y la igualdad de género. Entre sus iniciativas, incluyó grupos de autoayuda para mujeres sobrevivientes de violencia, actividades educativas sobre derechos y género, y el impulso de reformas legales significativas en Argentina, como la ley de patria potestad compartida aprobada en 1985. ","",""
"942af0f1-d90a-4fb5-99b7-1e3f81052824","LM_HR_1986_07_Conferencia.txt","LM","char-offset:18673","PERSON","","","","","","","","","Lugar de Mujer fue una de las primeras organizaciones feministas en Argentina, fundada en 1983 por mujeres como Hilda Rais y otras activistas. Su objetivo principal era ofrecer un espacio seguro para las mujeres, especialmente aquellas que enfrentaban violencia de género, promoviendo la autoayuda y el empoderamiento. Este espacio se destacó por su enfoque en la autogestión y el apoyo colectivo, ofreciendo talleres y actividades para reflexionar sobre los derechos de las mujeres y la igualdad de género. Entre sus iniciativas, incluyó grupos de autoayuda para mujeres sobrevivientes de violencia, actividades educativas sobre derechos y género, y el impulso de reformas legales significativas en Argentina, como la ley de patria potestad compartida aprobada en 1985. ","",""
"6955ea9f-1c4b-4a24-9fe0-d0ffe645dab0","LM_HR_1986_07_Conferencia.txt","Colectivo","char-offset:18982","PERSON","","","","","","","","","El segundo colectivo evolucionó para incluir una mayor diversidad de voces y experiencias, integrando a mujeres de diferentes contextos sociales, étnicos y políticos. Este colectivo se caracterizó por su heterogeneidad, lo que permitió abordar una gama más amplia de problemáticas, incluyendo no solo cuestiones de género, sino también temas relacionados con la clase, la cultura y la identidad. La inclusión de mujeres con trayectorias diversas enriqueció el diálogo y fortaleció la capacidad del colectivo para actuar en favor de los derechos de las mujeres en un sentido más amplio.","",""
"976d0fdd-04f4-4f57-b515-06c3ad017243","LM_HR_1986_07_Conferencia.txt","LM","char-offset:19251","PERSON","","","","","","","","","Lugar de Mujer fue una de las primeras organizaciones feministas en Argentina, fundada en 1983 por mujeres como Hilda Rais y otras activistas. Su objetivo principal era ofrecer un espacio seguro para las mujeres, especialmente aquellas que enfrentaban violencia de género, promoviendo la autoayuda y el empoderamiento. Este espacio se destacó por su enfoque en la autogestión y el apoyo colectivo, ofreciendo talleres y actividades para reflexionar sobre los derechos de las mujeres y la igualdad de género. Entre sus iniciativas, incluyó grupos de autoayuda para mujeres sobrevivientes de violencia, actividades educativas sobre derechos y género, y el impulso de reformas legales significativas en Argentina, como la ley de patria potestad compartida aprobada en 1985. ","",""
"b04635fb-8bf2-4455-bcad-f83015654c12","LM_HR_1986_07_Conferencia.txt","Colectivo","char-offset:19353","PERSON","","","","","","","","","El segundo colectivo evolucionó para incluir una mayor diversidad de voces y experiencias, integrando a mujeres de diferentes contextos sociales, étnicos y políticos. Este colectivo se caracterizó por su heterogeneidad, lo que permitió abordar una gama más amplia de problemáticas, incluyendo no solo cuestiones de género, sino también temas relacionados con la clase, la cultura y la identidad. La inclusión de mujeres con trayectorias diversas enriqueció el diálogo y fortaleció la capacidad del colectivo para actuar en favor de los derechos de las mujeres en un sentido más amplio.","",""
"b0bbc8b4-76ec-4c2d-aa08-a495617ace49","LM_HR_1986_07_Conferencia.txt","Conversatorio","char-offset:19619","EVENT","","","","","","","","","Este evento se llevó a cabo en un momento de efervescencia social tras el regreso a la democracia en 1983, y buscó crear un espacio donde las mujeres pudieran compartir sus experiencias, fortalecer lazos y desarrollar una agenda política que incluya sus derechos y demandas. A través de debates y actividades, el Conversatorio contribuyó a visibilizar las voces femeninas.","",""
"1f641598-ae21-42e4-8582-d7a6a5780232","LM_HR_1986_07_Conferencia.txt","LM","char-offset:19755","PERSON","","","","","","","","","Lugar de Mujer fue una de las primeras organizaciones feministas en Argentina, fundada en 1983 por mujeres como Hilda Rais y otras activistas. Su objetivo principal era ofrecer un espacio seguro para las mujeres, especialmente aquellas que enfrentaban violencia de género, promoviendo la autoayuda y el empoderamiento. Este espacio se destacó por su enfoque en la autogestión y el apoyo colectivo, ofreciendo talleres y actividades para reflexionar sobre los derechos de las mujeres y la igualdad de género. Entre sus iniciativas, incluyó grupos de autoayuda para mujeres sobrevivientes de violencia, actividades educativas sobre derechos y género, y el impulso de reformas legales significativas en Argentina, como la ley de patria potestad compartida aprobada en 1985. ","",""
"20284cce-9c2f-40eb-824a-78a838138295","LM_HR_1986_07_Conferencia.txt","Derechos Humanos","char-offset:19916","EVENT","","","","","","","","","El movimiento por los derechos humanos en Argentina surgió en respuesta a las graves violaciones de derechos cometidas durante la dictadura militar que gobernó el país entre 1976 y 1983. Este movimiento se consolidó a partir de la organización de familiares de desaparecidos y detenidos, quienes comenzaron a exigir justicia y verdad sobre el paradero de sus seres queridos. Las Madres de Plaza de Mayo, formadas por madres que buscaban a sus hijos desaparecidos, fueron una de las agrupaciones más emblemáticas, realizando marchas y manifestaciones para visibilizar su causa.
A medida que avanzaba la dictadura, diversas organizaciones de derechos humanos, como la Asamblea Permanente por los Derechos Humanos (APDH) y Abuelas de Plaza de Mayo, comenzaron a estructurarse y a denunciar públicamente los abusos del régimen. Estas agrupaciones jugaron un papel crucial en la lucha por la memoria, la verdad y la justicia tras el regreso a la democracia en 1983, convirtiéndose en pilares fundamentales para el establecimiento de políticas públicas que buscan reparar las atrocidades cometidas durante el terrorismo de Estado. El movimiento ha continuado su labor en las décadas posteriores, abogando por el juicio y castigo a los responsables de violaciones a los derechos humanos.","",""
"f2d7cda6-6cd5-4d66-9f6b-417a84a09f0b","LM_HR_1986_07_Conferencia.txt","Comisiones","char-offset:20290","PERSON","","","","","","","","","","",""
"5b694024-2c44-4050-804a-98fece5fa392","LM_HR_1986_07_Conferencia.txt","Colectivo","char-offset:20449","PERSON","","","","","","","","","El segundo colectivo evolucionó para incluir una mayor diversidad de voces y experiencias, integrando a mujeres de diferentes contextos sociales, étnicos y políticos. Este colectivo se caracterizó por su heterogeneidad, lo que permitió abordar una gama más amplia de problemáticas, incluyendo no solo cuestiones de género, sino también temas relacionados con la clase, la cultura y la identidad. La inclusión de mujeres con trayectorias diversas enriqueció el diálogo y fortaleció la capacidad del colectivo para actuar en favor de los derechos de las mujeres en un sentido más amplio.","",""
"35a7a55c-035c-4740-b24b-0acc926cd2da","LM_HR_1986_07_Conferencia.txt","LUGAR DE MUJER","char-offset:21298","PERSON","","","","","","","","institución|asociación","Lugar de Mujer fue una de las primeras organizaciones feministas en Argentina, fundada en 1983 por mujeres como Hilda Rais y otras activistas. Su objetivo principal era ofrecer un espacio seguro para las mujeres, especialmente aquellas que enfrentaban violencia de género, promoviendo la autoayuda y el empoderamiento. Este espacio se destacó por su enfoque en la autogestión y el apoyo colectivo, ofreciendo talleres y actividades para reflexionar sobre los derechos de las mujeres y la igualdad de género. Entre sus iniciativas, incluyó grupos de autoayuda para mujeres sobrevivientes de violencia, actividades educativas sobre derechos y género, y el impulso de reformas legales significativas en Argentina, como la ley de patria potestad compartida aprobada en 1985.","",""
"efe3087f-4c1e-45df-ad3c-4357ac7f3994","LM_HR_1986_07_Conferencia.txt","Lugar de Mujer","char-offset:23595","PERSON","","","","","","","","","Lugar de Mujer fue una de las primeras organizaciones feministas en Argentina, fundada en 1983 por mujeres como Hilda Rais y otras activistas. Su objetivo principal era ofrecer un espacio seguro para las mujeres, especialmente aquellas que enfrentaban violencia de género, promoviendo la autoayuda y el empoderamiento. Este espacio se destacó por su enfoque en la autogestión y el apoyo colectivo, ofreciendo talleres y actividades para reflexionar sobre los derechos de las mujeres y la igualdad de género. Entre sus iniciativas, incluyó grupos de autoayuda para mujeres sobrevivientes de violencia, actividades educativas sobre derechos y género, y el impulso de reformas legales significativas en Argentina, como la ley de patria potestad compartida aprobada en 1985.","",""
"ee3b864d-9455-49e3-924a-55837a26ef4e","LM_HR_1986_07_Conferencia.txt","Hilda Rais","char-offset:23781","PERSON","","","","","","","","","http://id.loc.gov/authorities/names/n87107343|Hilda Rais (1945-2016) fue una destacada feminista, poeta y activista argentina que dejó una huella importante en la lucha por los derechos de las mujeres y la diversidad sexual. Fue cofundadora de Lugar de Mujer, una de las primeras organizaciones feministas en el país, enfocada en la autoayuda para mujeres víctimas de violencia. Además, impulsó la creación de la Asociación Trabajo y Estudio sobre la Mujer (ATEM), donde luchó por reformas legales clave, como la patria potestad compartida, obtenida en 1985. También participó activamente en debates sobre lesbianismo y feminismo en Argentina","",""
"dda64e0b-2b52-4adf-8e82-12b3f6ce0ba8","LM_HR_1986_07_Conferencia.txt","Nené Reynoso","char-offset:23796","PERSON","","","","","","","","","http://id.loc.gov/authorities/names/n92083063

Nené Reynoso es una figura destacada del feminismo en Argentina, especialmente conocida por su participación en la producción del ""Diario Colectivo"" (1982), una obra escrita junto con María Inés Aldaburu, Inés Cano y Hilda Rais. Este libro se desarrolló en el contexto de la última dictadura militar en Argentina, abordando temas como la corporalidad, la sexualidad y la violencia patriarcal desde una perspectiva feminista. Inspirado en lecturas como El segundo sexo de Simone de Beauvoir, el diario refleja la experiencia íntima-política de las mujeres y busca construir una epistemología feminista diferente y situada en el contexto del Sur global","",""
"5fd4f0ef-86c8-44f3-b10c-2ae9a838c8c6","LM_HR_1986_07_Conferencia.txt","Junio de 1986","char-offset:23810","EVENT","","","","","","","","","","",""
"2dc54ec5-34b6-412d-9d4a-54d9e711d18d","LM_HR_1986_07_Conferencia.txt","Junio de 1986","char-offset:23810","EVENT","","","","","","","","","","",""
"0b76d895-1ef5-4d0d-bd0b-fbc6afb3c823","LM_HR_1986_07_Conferencia.txt","PERIODO AGOSTO/1983-JULIO/1985","char-offset:23875","EVENT","","","","","","","","","","",""
"ddedaa4d-9290-4b37-ae31-89433ca52eef","LM_HR_1986_07_Conferencia.txt","(Junio 1984-Julio 1985)","char-offset:24770","EVENT","","","","","","","","","","",""
"11f2f12e-75f8-40fd-88fd-2abf7033c336","LM_HR_1986_07_Conferencia.txt","LUGAR DE MUJER","char-offset:25010","PERSON","","","","","","","","institución|asociación","Lugar de Mujer fue una de las primeras organizaciones feministas en Argentina, fundada en 1983 por mujeres como Hilda Rais y otras activistas. Su objetivo principal era ofrecer un espacio seguro para las mujeres, especialmente aquellas que enfrentaban violencia de género, promoviendo la autoayuda y el empoderamiento. Este espacio se destacó por su enfoque en la autogestión y el apoyo colectivo, ofreciendo talleres y actividades para reflexionar sobre los derechos de las mujeres y la igualdad de género. Entre sus iniciativas, incluyó grupos de autoayuda para mujeres sobrevivientes de violencia, actividades educativas sobre derechos y género, y el impulso de reformas legales significativas en Argentina, como la ley de patria potestad compartida aprobada en 1985.","",""
"dce288cf-b23c-4a9e-a7e9-a34e4187e04a","LM_HR_1986_07_Conferencia.txt","Taller Permanente","char-offset:25842","EVENT","","","","","","","","","El Taller Permanente fue un espacio de organización y formación donde se elaboraban propuestas basadas en el derecho de los ciudadanos a peticionar a las autoridades. Este taller buscaba recoger y articular las demandas y realidades de las mujeres, promoviendo su participación activa en la política y la toma de decisiones. A través de este espacio, las participantes podían discutir y desarrollar propuestas que reflejaban sus necesidades y preocupaciones, elevándolas al Poder Legislativo para impulsar cambios significativos en la legislación y las políticas públicas relacionadas con los derechos de las mujeres.","",""
"6225acb8-6d8c-4094-ba69-0b0188254115","LM_HR_1986_07_Conferencia.txt","Poder Legislativo","char-offset:25952","PLACE","","","","","","","UNVERIFIED","","","",""
"a14789be-507d-4062-9f1b-88a3991e3e07","LM_HR_1986_07_Conferencia.txt","12 de diciembre de 1983","char-offset:25974","EVENT","","","","","","","","","","",""
"7e2f9efa-a966-47ce-8109-63b91342f5a3","LM_HR_1986_07_Conferencia.txt","1983","char-offset:25993","EVENT","","","","","","","","","","",""
"6cae247b-628c-4359-b0f7-508ee21ced59","LM_HR_1986_07_Conferencia.txt","LUGAR DE MUJER","char-offset:26025","PERSON","","","","","","","","institución|asociación","Lugar de Mujer fue una de las primeras organizaciones feministas en Argentina, fundada en 1983 por mujeres como Hilda Rais y otras activistas. Su objetivo principal era ofrecer un espacio seguro para las mujeres, especialmente aquellas que enfrentaban violencia de género, promoviendo la autoayuda y el empoderamiento. Este espacio se destacó por su enfoque en la autogestión y el apoyo colectivo, ofreciendo talleres y actividades para reflexionar sobre los derechos de las mujeres y la igualdad de género. Entre sus iniciativas, incluyó grupos de autoayuda para mujeres sobrevivientes de violencia, actividades educativas sobre derechos y género, y el impulso de reformas legales significativas en Argentina, como la ley de patria potestad compartida aprobada en 1985.","",""
"0540cc5a-bc1f-4ee2-b031-0171c6b821aa","LM_HR_1986_07_Conferencia.txt","Cámara de Diputados","char-offset:26069","PLACE","","","","","","","UNVERIFIED","","","",""
"b2557085-1a44-40ba-8587-013d72157b54","LM_HR_1986_07_Conferencia.txt","Convención sobre la Eliminación de toda forma de Discriminación sobre la Mujer","char-offset:26112","EVENT","","","","","","","","","Esta convención, adoptada por la Asamblea General de las Naciones Unidas en 1979, busca eliminar todas las formas de discriminación y garantizar la igualdad de derechos para las mujeres en todos los ámbitos, incluyendo la educación, el empleo y la salud. La ratificación de este tratado internacional por parte de Argentina significaría un compromiso formal del país para implementar políticas que promuevan la igualdad de género y protejan los derechos de las mujeres, alineándose con los estándares internacionales en materia de derechos humanos.

","",""
"732d913d-e681-4d35-9654-607c4b35295d","LM_HR_1986_07_Conferencia.txt","proyecto de equiparación legal de hijos matrimoniales y extramatrimoniales","char-offset:26197","EVENT","","","","","","","","","Este proyecto buscaba eliminar las diferencias legales que existían entre los derechos de los hijos nacidos dentro del matrimonio y aquellos nacidos fuera de él. La propuesta planteaba que todos los hijos, independientemente de su estado civil, debían tener los mismos derechos legales en términos de filiación, herencia y reconocimiento parental. La aprobación de este proyecto representaría un avance significativo hacia la igualdad ante la ley para todos los niños en Argentina, eliminando estigmas y discriminaciones históricas asociadas a la filiación extramatrimonial.","",""
"67c66db5-bda4-48fc-a0d8-67b7ce5d2c77","LM_HR_1986_07_Conferencia.txt","Cámara de Diputados","char-offset:26382","PLACE","","","","","","","UNVERIFIED","","","",""
"33cd5c73-934f-4ac5-a1cd-5ab02acd7d66","LM_HR_1986_07_Conferencia.txt","1983","char-offset:26553","EVENT","","","","","","","","","","",""
"0e3f781c-fdb7-4acc-b367-ed5b9fa2ff9d","LM_HR_1986_07_Conferencia.txt","LUGAR DE MUJER","char-offset:28649","PERSON","","","","","","","","institución|asociación","Lugar de Mujer fue una de las primeras organizaciones feministas en Argentina, fundada en 1983 por mujeres como Hilda Rais y otras activistas. Su objetivo principal era ofrecer un espacio seguro para las mujeres, especialmente aquellas que enfrentaban violencia de género, promoviendo la autoayuda y el empoderamiento. Este espacio se destacó por su enfoque en la autogestión y el apoyo colectivo, ofreciendo talleres y actividades para reflexionar sobre los derechos de las mujeres y la igualdad de género. Entre sus iniciativas, incluyó grupos de autoayuda para mujeres sobrevivientes de violencia, actividades educativas sobre derechos y género, y el impulso de reformas legales significativas en Argentina, como la ley de patria potestad compartida aprobada en 1985.","",""
"9a081299-5426-4b81-83bc-4c8ebd13ef51","LM_HR_1986_07_Conferencia.txt","Buenos Aires.","char-offset:28751","PLACE","http://sws.geonames.org/3435907","Buenos Aires","","-36.68337491729082","-60.56389163776571","","VERIFIED","","","",""
"649b86e8-e855-4dd4-8612-e5f2d73d125e","LM_HR_1986_07_Conferencia.txt","Alemania","char-offset:28976","PLACE","http://sws.geonames.org/2921044","Germany","","51.11428797700689","10.393940105829056","","VERIFIED","","","",""
"7f1066b3-9fcd-410e-b2b4-eee40b472b3b","LM_HR_1986_07_Conferencia.txt","Jutta Brückner","char-offset:28986","PERSON","","","","","","","","","http://id.loc.gov/authorities/names/nr2006015518","",""
"f217ac74-89d8-45b8-9e41-c25373368f18","LM_HR_1986_07_Conferencia.txt","Canadá","char-offset:29005","PLACE","http://sws.geonames.org/6251999","Canada","","61.360532981218846","-98.18587204622388","","VERIFIED","","","",""
"68d1781b-8f7a-4b53-8aa4-f0289a10b93f","LM_HR_1986_07_Conferencia.txt","Lucienne Hick","char-offset:29013","PERSON","","","","","","","","","","",""
"5eaa1ffc-56fc-433b-b339-563af31131f2","LM_HR_1986_07_Conferencia.txt","Chile","char-offset:29031","PLACE","http://sws.geonames.org/3895114","Chile","","-37.779401860718636","-71.36007248693086","","VERIFIED","","","",""
"6e14576b-2927-40f8-b9a0-2d65ed65a169","LM_HR_1986_07_Conferencia.txt","Gloria Camiruaga","char-offset:29038","PERSON","","","","","","","","","","",""
"deaf777f-a9b7-4061-9900-c3a086deb19d","LM_HR_1986_07_Conferencia.txt","Julieta Kirkwood","char-offset:29056","PERSON","","","","","","","","","http://id.loc.gov/authorities/names/n84802614","",""
"c9cd4199-dcc8-4e13-8729-6542b74eec3a","LM_HR_1986_07_Conferencia.txt","Adriana Santa Cruz","char-offset:29074","PERSON","","","","","","","","","http://id.loc.gov/authorities/names/n80151353","",""
"2a4dcbad-33c5-4880-a973-abb918e964a7","LM_HR_1986_07_Conferencia.txt","E.E.U.U","char-offset:29097","PLACE","http://sws.geonames.org/6252001","United States","","45.70207474696211","-112.5748710765186","","VERIFIED","","","",""
"eb0aab23-1d7d-4019-9054-a75130030e79","LM_HR_1986_07_Conferencia.txt","Rita Arditti","char-offset:29107","PERSON","","","","","","","","","http://id.loc.gov/authorities/names/n79137904","",""
"2fb0b96f-458e-48b8-ae4b-bb6d491bc689","LM_HR_1986_07_Conferencia.txt","Teresa Bernárdez","char-offset:29121","PERSON","","","","","","","","","","",""
"4f4c4573-a3dc-42c2-9ba8-7ff2497245bb","LM_HR_1986_07_Conferencia.txt","Mary Elaine Cobo","char-offset:29139","PERSON","","","","","","","","","","",""
"b2d1f2bf-dd77-4fe7-a8aa-8995dfc16e4a","LM_HR_1986_07_Conferencia.txt","Mary Hunt,","char-offset:29158","PERSON","","","","","","","","","","",""
"59cf5267-4765-4b96-a0a3-e5f4c6da92e3","LM_HR_1986_07_Conferencia.txt","Marysa Navarro","char-offset:29169","PERSON","","","","","","","","","http://id.loc.gov/authorities/names/n79135917","",""
"4e37c760-6e33-402b-be9b-a60fbd99f0e7","LM_HR_1986_07_Conferencia.txt","España","char-offset:29188","PLACE","http://histogis.acdh.oeaw.ac.at/shapes/permalink/b7da00140f1ac122dcf5217af2e48fc1/","España","","40.38200304088755","-3.4904747145605195","","VERIFIED","","","",""
"8ac649f3-07f7-4e8e-a9a3-04c3f12d7a8b","LM_HR_1986_07_Conferencia.txt","Judith Astelarra","char-offset:29196","PERSON","","","","","","","","","http://id.loc.gov/authorities/names/n85094741","",""
"03e1d7cc-6353-4cd1-a766-df9003e3326b","LM_HR_1986_07_Conferencia.txt","Pilar Pérez Fuentes","char-offset:29214","PERSON","","","","","","","","","http://id.loc.gov/authorities/names/n95072318","",""
"60cbbb32-1cff-47e0-9a37-5134279bb25c","LM_HR_1986_07_Conferencia.txt","Isabel Romero","char-offset:29235","PERSON","","","","","","","","","","",""
"85cd1d9c-565f-46b4-a94f-dcf4b492706d","LM_HR_1986_07_Conferencia.txt","Italia","char-offset:29253","PLACE","http://pleiades.stoa.org/places/1052","Italia","-0030/0300","42.5","12.5","region","VERIFIED","","italia","",""
"f638a0e4-924c-4a7a-b38f-d686d0a083ee","LM_HR_1986_07_Conferencia.txt","Tulia Carrettoni","char-offset:29261","PERSON","","","","","","","","","","",""
"e0f13f73-a3f5-4ad5-991d-471449f7ce16","LM_HR_1986_07_Conferencia.txt","Giancarla Corignani","char-offset:29279","PERSON","","","","","","","","","","",""
"428dcab5-51cc-467d-b381-4d30c3ad5ae9","LM_HR_1986_07_Conferencia.txt","Piera Degli Es","char-offset:29300","PERSON","","","","","","","","","http://id.loc.gov/authorities/names/n88611686","",""
"5d39c79a-c93e-4029-9ad3-04431abe22a6","LM_HR_1986_07_Conferencia.txt","posti","char-offset:29316","PERSON","","","","","","","","","","",""
"cde1574a-a3bc-4f49-8cb8-84f6b9f04cca","LM_HR_1986_07_Conferencia.txt","Dacia Maraini,","char-offset:29323","PERSON","","","","","","","","","","",""
"8ecffa11-d4df-4691-909d-ecfe517d1f42","LM_HR_1986_07_Conferencia.txt","María Magnani Noya","char-offset:29338","PERSON","","","","","","","","","","",""
"d76e6fb3-394f-4f82-9bb6-26f6849c82b6","LM_HR_1986_07_Conferencia.txt","México","char-offset:29361","PLACE","http://sws.geonames.org/3523272","México","","19.364702786652465","-99.63794497692585","","VERIFIED","","","",""
"2c1ab2ba-4d62-4e06-9bd1-e23c29ead7b1","LM_HR_1986_07_Conferencia.txt","Flora Botton","char-offset:29369","PERSON","","","","","","","","","","",""
"24d80dd2-e5b6-4392-906b-bfa1b34e2dde","LM_HR_1986_07_Conferencia.txt","Marie Langer","char-offset:29383","PERSON","","","","","","","","","","",""
"03153532-0381-4f2b-88f1-5c7f496fb68a","LM_HR_1986_07_Conferencia.txt","Perú","char-offset:29400","PLACE","http://sws.geonames.org/3932488","Peru","","-9.17271392324794","-74.36323726742708","","VERIFIED","","","",""
"a8f714d1-b50f-4a3c-8ffc-566c102fb0af","LM_HR_1986_07_Conferencia.txt","Blanca Ibarlucía,","char-offset:29406","PERSON","","","","","","","","","http://id.loc.gov/authorities/names/n92022257","",""
"ee01c1f5-659e-4a4f-a087-fa48ccd5653f","LM_HR_1986_07_Conferencia.txt","Luz Elena Sanchez","char-offset:29424","PERSON","","","","","","","","","","",""
"bd7b9044-b1ab-4fd3-b8ef-d57f5e6f908a","LM_HR_1986_07_Conferencia.txt","Virginia Vargas,","char-offset:29443","PERSON","","","","","","","","","http://id.loc.gov/authorities/names/n82031367","",""
"eace6dc9-fc89-44f5-b333-576616d71510","LM_HR_1986_07_Conferencia.txt","Maritza Villavicencio","char-offset:29461","PERSON","","","","","","","","","http://id.loc.gov/authorities/names/n91038587","",""
"6a4ddab4-a0ef-4c9d-a5eb-a63a121bdb6a","LM_HR_1986_07_Conferencia.txt","Rep. Dominicana","char-offset:29487","PLACE","http://sws.geonames.org/3508796","Dominican Republic","","18.899995637123144","-70.49236135533059","","VERIFIED","","","",""
"93371804-f0e8-48b8-bdd9-e27da47f514b","LM_HR_1986_07_Conferencia.txt","Magali Pineda","char-offset:29504","PERSON","","","","","","","","","","",""
"e7f23a50-cf97-4959-9546-cfc78d4c8d52","LM_HR_1986_07_Conferencia.txt","Suecia","char-offset:29522","PLACE","http://sws.geonames.org/2661886","Sweden","","62.7925483465048","16.753693037543123","","VERIFIED","","","",""
"94158b87-60ee-45d0-90a0-24ccb05a2746","LM_HR_1986_07_Conferencia.txt","Ingar Palmlund","char-offset:29530","PERSON","","","","","","","","","http://id.loc.gov/authorities/names/n85050977","",""
"140c1f9b-965b-459a-85f2-e80efefcc812","LM_HR_1986_07_Conferencia.txt","nuestro país","char-offset:29550","PLACE","http://sws.geonames.org/3865483","Argentina","","-35.394839239920955","-65.1714380569768","","VERIFIED","","","",""
"5261635e-2e43-4470-8018-f99b77d00a17","LM_HR_1986_07_Conferencia.txt","LUGAR DE MUJER","char-offset:29564","PERSON","","","","","","","","institución|asociación","Lugar de Mujer fue una de las primeras organizaciones feministas en Argentina, fundada en 1983 por mujeres como Hilda Rais y otras activistas. Su objetivo principal era ofrecer un espacio seguro para las mujeres, especialmente aquellas que enfrentaban violencia de género, promoviendo la autoayuda y el empoderamiento. Este espacio se destacó por su enfoque en la autogestión y el apoyo colectivo, ofreciendo talleres y actividades para reflexionar sobre los derechos de las mujeres y la igualdad de género. Entre sus iniciativas, incluyó grupos de autoayuda para mujeres sobrevivientes de violencia, actividades educativas sobre derechos y género, y el impulso de reformas legales significativas en Argentina, como la ley de patria potestad compartida aprobada en 1985.","",""
